name,address,address,city,state,postal_code,telephone,price,rating_value,review_count,status,longitude,latitude,website,tags,days,hours,accommodations,unaccommodations
Iron Wolf Ranch and Distillery,101 County Rd 409,Spicewood,TX,78669,(512) 970-3203,Moderate,4.5,57,1,-98.169038,30.453874,http://ironwolfranch.com,Distilleries|,Mon|Tue|Wed|Thu|Fri|Sat|Sun|,Closed|Closed|Closed|Closed|4:00 PM - 7:00 PM|12:00 PM - 8:00 PM|12:00 PM - 6:00 PM|,Offers Takeout|Accepts Credit Cards|Offers Catering|Good For Kids|Private Lot Parking|Bike Parking|Wheelchair Accessible|Gender-neutral restrooms|Heated outdoor seating|Covered outdoor seating|,No Delivery|Accepts Apple Pay|
Round Mountain Distilling,1313 Ranch Rd 962 E,Round Mountain,TX,78663,,,5,3,1,-98.326728,30.425728,Get Directions,Distilleries|,Mon|Tue|Wed|Thu|Fri|Sat|Sun|,Closed|12:00 PM - 5:00 PM|12:00 PM - 5:00 PM|12:00 PM - 5:00 PM|12:00 PM - 5:00 PM|11:00 AM - 5:00 PM|Closed|,,
Spicewood Vineyards,1419 County Rd 409,Spicewood,TX,78669,(830) 693-5328,Moderate,4.5,110,1,-98.190160,30.458613,http://www.spicewoodvineyards.…,Wineries|,Mon|Tue|Wed|Thu|Fri|Sat|Sun|,11:00 AM - 6:00 PM|11:00 AM - 6:00 PM|11:00 AM - 6:00 PM|11:00 AM - 6:00 PM|11:00 AM - 6:00 PM|11:00 AM - 6:00 PM|11:00 AM - 6:00 PM|,Offers Delivery|Accepts Credit Cards|Private Lot Parking|Bike Parking|Dogs Allowed|Wheelchair Accessible|,No Takeout|Accepts Apple Pay|Offers Catering|Not Good For Kids|No Happy Hour|
Fiesta Winery,309 Main StSte 9,Marble Falls,TX,78654,(830) 637-7702,,4.5,14,1,-98.276736,30.572343,https://www.fiestawinery.com/m…,Wine Bars|Wine Tasting Room|,Mon|Tue|Wed|Thu|Fri|Sat|Sun|,11:00 AM - 6:00 PM|11:00 AM - 6:00 PM|11:00 AM - 6:00 PM|11:00 AM - 6:00 PM|11:00 AM - 6:00 PM|11:00 AM - 6:00 PM|12:00 PM - 5:00 PM|,Street Parking|,
Texas Tipsy Tours,,Fredericksburg,TX,78624,(512) 593-1858,,5,15,1,-98.871984,30.275201,https://www.texastipsytours.co…,Wine Tours|Beer Tours|Party Bus Rentals|,Mon|Tue|Wed|Thu|Fri|Sat|Sun|,9:00 AM - 5:00 PM|9:00 AM - 5:00 PM|9:00 AM - 5:00 PM|9:00 AM - 5:00 PM|9:00 AM - 5:00 PM|9:00 AM - 5:00 PM|9:00 AM - 5:00 PM|,Accepts Credit Cards|Women-owned|Open to All|,Masks required|Staff wears masks|Accepts Cryptocurrency|No Wi-Fi|
Taste of the Hills,251 Circle Dr,Wimberley,TX,78676,(512) 667-0518,,5,21,1,-98.217400,30.042592,http://www.tasteofthehillstour…,Wine Tours|,Mon|Tue|Wed|Thu|Fri|Sat|Sun|,9:00 AM - 5:00 PM|9:00 AM - 5:00 PM|9:00 AM - 5:00 PM|9:00 AM - 5:00 PM|9:00 AM - 5:00 PM|9:00 AM - 5:00 PM|9:00 AM - 5:00 PM|,,
Texan Wine and Spirit Tours,201 Ranch Rd 1320,Johnson City,TX,78636,(830) 456-7682,,4.5,7,1,-98.547133,30.249339,,Wine Tours|Art Tours|,Mon|Tue|Wed|Thu|Fri|Sat|Sun|,9:00 AM - 10:00 PM|9:00 AM - 10:00 PM|9:00 AM - 10:00 PM|9:00 AM - 10:00 PM|9:00 AM - 10:00 PM|9:00 AM - 10:00 PM|9:00 AM - 10:00 PM|,,No Wi-Fi|
Heart of Texas Wine Tours,,Marble Falls,TX,78654,(512) 755-0937,,4,32,1,-98.104477,30.546296,https://heartoftexaswinetours.…,Wine Tours|,Mon|Tue|Wed|Thu|Fri|Sat|Sun|,9:00 AM - 5:00 PM|9:00 AM - 5:00 PM|9:00 AM - 5:00 PM|9:00 AM - 5:00 PM|9:00 AM - 5:00 PM|9:00 AM - 5:00 PM|9:00 AM - 5:00 PM|,,
ThunderDome Party Bus,,Austin,TX,78701,(512) 876-0066,,5,12,1,0.0,0.0,http://thunderdomepartybus.com,Party Bus Rentals|Tubing|Wine Tours|,Mon|Tue|Wed|Thu|Fri|Sat|Sun|,Open 24 hours|Open 24 hours|Open 24 hours|Open 24 hours|Open 24 hours|Open 24 hours|Open 24 hours|,Accepts Credit Cards|Accepts Android Pay|Accepts Apple Pay|,Accepts Cryptocurrency|No Bike Parking|No Wi-Fi|Not Wheelchair Accessible|
Discover Texas Wine Tours,,Austin,TX,78737,(512) 656-8299,,4.5,38,1,-97.743205,30.266919,http://discovertexaswine.com,Wine Tours|,Mon|Tue|Wed|Thu|Fri|Sat|Sun|,9:00 AM - 9:00 PM|9:00 AM - 9:00 PM|9:00 AM - 9:00 PM|9:00 AM - 9:00 PM|9:00 AM - 9:00 PM|9:00 AM - 9:00 PM|9:00 AM - 9:00 PM|,,
Austin Nites Party Bus,,Austin,TX,78750,(512) 709-4391,,4,16,1,0.0,0.0,http://www.austinnitespartybus…,Party Bus Rentals|Wine Tours|Boating|,Mon|Tue|Wed|Thu|Fri|Sat|Sun|,Open 24 hours|Open 24 hours|Open 24 hours|Open 24 hours|Open 24 hours|Open 24 hours|Open 24 hours|,Accepts Credit Cards|Bike Parking|Free Wi-Fi|,Accepts Cryptocurrency|Not Wheelchair Accessible|
Cool Bus Atx,,Lake Jackson,TX,77566,(832) 740-2665,,5,3,1,-95.488268,29.062037,https://cool-bus-atx.business.…,Bus Tours|Party Bus Rentals|Wine Tours|,Mon|Tue|Wed|Thu|Fri|Sat|Sun|,Open 24 hours|Open 24 hours|Open 24 hours|Open 24 hours|Open 24 hours|Open 24 hours|Open 24 hours|,,Accepts Credit Cards|Accepts Cryptocurrency|No Wi-Fi|
All About Central Texas,,Austin,TX,78749,(512) 784-2426,,5,2,1,0.0,0.0,http://www.allaboutcentraltexa…,Food Tours|Wine Tours|,Mon|Tue|Wed|Thu|Fri|Sat|Sun|,9:00 AM - 5:00 PM|9:00 AM - 5:00 PM|9:00 AM - 5:00 PM|9:00 AM - 5:00 PM|9:00 AM - 5:00 PM|9:00 AM - 5:00 PM|9:00 AM - 5:00 PM|,,
Perissos Vineyard and Winery,7214 Park Road 4 W,Burnet,TX,78611,(512) 820-2950,Moderate,4.5,114,1,-98.381065,30.711163,http://perissosvineyards.com/,Wineries|,Mon|Tue|Wed|Thu|Fri|Sat|Sun|,12:00 PM - 5:00 PM|12:00 PM - 5:00 PM|12:00 PM - 5:00 PM|12:00 PM - 5:00 PM|11:00 AM - 6:00 PM|11:00 AM - 6:00 PM|12:00 PM - 5:00 PM|,Offers Takeout|Masks required|Staff wears masks|Many Vegetarian Options|Accepts Credit Cards|Good For Kids|Private Lot Parking|Bike Parking|Dogs Allowed|Wheelchair Accessible|Women-owned|Offers Military Discount|Open to All|,No Delivery|Accepts Android Pay|Accepts Apple Pay|Accepts Cryptocurrency|Offers Catering|No Wi-Fi|
Flat Creek Enoteca,112 US Hwy 281,Marble Falls,TX,78654,(830) 637-7123,$11-30,4,159,1,-98.276502,30.569471,http://www.flatcreekenoteca.co…,Wineries|Italian|,Mon|Tue|Wed|Thu|Fri|Sat|Sun|,Closed|2:00 PM - 9:00 PM|2:00 PM - 9:00 PM|2:00 PM - 9:00 PM|2:00 PM - 9:00 PM|2:00 PM - 9:00 PM|Closed|,"Takes Reservations|Offers Delivery|Offers Takeout|Masks required|Accepts Credit Cards|Outdoor Seating|Casual, Classy|Moderate Noise|Casual Dress|Good for Groups|Good for Dinner|Private Lot Parking|Waiter Service|Beer & Wine Only|Wheelchair Accessible|TV|",Accepts Android Pay|Offers Catering|Not Good For Kids|No Bike Parking|No Wi-Fi|Dogs Not Allowed|
Horseshoe Bay Resort,200 Hi Cir N,Horseshoe Bay,TX,78657,(877) 611-0112,Pricey,3,267,1,-98.360018,30.547014,https://www.hsbresort.com,Hotels|Venues & Event Spaces|,Mon|Tue|Wed|Thu|Fri|Sat|Sun|,Open 24 hours|Open 24 hours|Open 24 hours|Open 24 hours|Open 24 hours|Open 24 hours|Open 24 hours|,Accepts Credit Cards|Free Wi-Fi|Dogs Allowed|,Accepts Android Pay|Accepts Apple Pay|
AJE Transportation,,Spicewood,TX,78669,(512) 296-7871,,5,21,1,-98.156574,30.476050,http://ajetransportationcharte…,Tours|,Mon|Tue|Wed|Thu|Fri|Sat|Sun|,6:00 AM - 10:00 PM|6:00 AM - 10:00 PM|6:00 AM - 10:00 PM|6:00 AM - 10:00 PM|6:00 AM - 10:00 PM|6:00 AM - 10:00 PM|6:00 AM - 10:00 PM|,,
Save The World Brewing,1510 Resource Pkwy,Marble Falls,TX,78654,(830) 637-7654,Moderate,4.5,50,1,-98.265235,30.617741,http://www.savetheworldbrewing…,Breweries|,Mon|Tue|Wed|Thu|Fri|Sat|Sun|,3:00 PM - 6:00 PM|3:00 PM - 6:00 PM|3:00 PM - 6:00 PM|3:00 PM - 7:00 PM|3:00 PM - 7:00 PM|12:00 PM - 6:00 PM|Closed|,Staff wears masks|Many Vegetarian Options|Accepts Credit Cards|Accepts Apple Pay|Moderate Noise|Private Lot Parking|Bike Parking|Dogs Allowed|Wheelchair Accessible|Gender-neutral restrooms|Women-owned|Open to All|,No Takeout|Accepts Android Pay|Offers Catering|
Bear King Brewing Co.,207 Ave G,Marble Falls,TX,78654,(830) 220-5083,$11-30,4,163,1,-98.274933,30.570273,https://www.bearkingbrewing.co…,Breweries|Burgers|,Mon|Tue|Wed|Thu|Fri|Sat|Sun|,Closed|Closed|11:00 AM - 10:00 PM|11:00 AM - 10:00 PM|11:00 AM - 10:00 PM|11:00 AM - 10:00 PM|11:00 AM - 8:00 PM|,Offers Takeout|Many Vegetarian Options|Accepts Credit Cards|Accepts Apple Pay|Outdoor Seating|Moderate Noise|Good For Kids|Private Lot Parking|Happy Hour Specials|Dogs Allowed|Wheelchair Accessible|TV|Covered outdoor seating|,No Delivery|Masks required|Staff wears masks|No Bike Parking|
Double Horn Brewing,208 Ave H,Marble Falls,TX,78654,(830) 693-5165,Moderate,3.5,358,1,-98.276814,30.571135,http://www.doublehornbrewing.c…,Brewpubs|,Mon|Tue|Wed|Thu|Fri|Sat|Sun|,4:00 PM - 9:00 PM|4:00 PM - 9:00 PM|11:00 AM - 9:00 PM|11:00 AM - 9:00 PM|11:00 AM - 9:00 PM|11:00 AM - 9:00 PM|11:00 AM - 8:00 PM|,Offers Takeout|Masks required|Staff wears masks|Many Vegetarian Options|Accepts Credit Cards|Moderate Noise|Offers Catering|Good For Kids|Private Lot Parking|Bike Parking|Happy Hour Specials|Dogs Allowed|Wheelchair Accessible|Covered outdoor seating|,No Delivery|Accepts Apple Pay|Accepts Cryptocurrency|No Drive-Thru|Heated outdoor seating|
River City Grille,700 1st St,Marble Falls,TX,78654,(830) 798-9909,$11-30,3.5,401,1,-98.276825,30.568617,http://www.rivercitygrilletx.c…,American (Traditional)|Wine Bars|,Mon|Tue|Wed|Thu|Fri|Sat|Sun|,11:00 AM - 8:00 PM|11:00 AM - 8:00 PM|11:00 AM - 8:00 PM|11:00 AM - 8:00 PM|11:00 AM - 9:00 PM|11:00 AM - 9:00 PM|11:00 AM - 8:00 PM|,"Takes Reservations|Offers Delivery|Offers Takeout|Masks required|Staff wears masks|Many Vegetarian Options|Accepts Credit Cards|Outdoor Seating|Casual|Moderate Noise|Casual Dress|Offers Catering|Good for Groups|Good For Kids|Good for Lunch, Dinner|Private Lot Parking|Bike Parking|Free Wi-Fi|Best nights on Friday, Saturday, Sunday|Full Bar|TV|",Accepts Apple Pay|
Brass Hall,909 3rd St,Marble Falls,TX,78654,(830) 201-4380,Moderate,3,15,1,-98.278097,30.572576,http://www.brasshall.com,Music Venues|Bars|,Mon|Tue|Wed|Thu|Fri|Sat|Sun|,4:00 PM - 2:00 AM ()|4:00 PM - 2:00 AM ()|4:00 PM - 2:00 AM ()|4:00 PM - 2:00 AM ()|4:00 PM - 2:00 AM ()|4:00 PM - 2:00 AM ()|4:00 PM - 2:00 AM ()|,"Takes Reservations|Accepts Credit Cards|Outdoor Seating|Casual|Moderate Noise|Good for Groups|Good For Dancing|Pool Table|Bike Parking|Free Wi-Fi|DJ, Background Music, Juke Box, Live Music, Karaoke|Best nights on Thursday, Friday, Saturday|Full Bar|Smoking Outside Only|Wheelchair Accessible|TV|",Accepts Android Pay|Accepts Apple Pay|Not Good For Kids|
